week,date,team,played,won,drawn,lost,gf,ga,gd,points,position
2025-09-27,2025-09-27,Bristol Firebrands M2,1,1,0,0,5,1,4,3,1
2025-09-27,2025-09-27,Bridgwater M1,1,1,0,0,4,1,3,3,2
2025-09-27,2025-09-27,Sidmouth & Ottery M1,1,1,0,0,3,0,3,3,3
2025-09-27,2025-09-27,Taunton Vale M2,1,1,0,0,4,3,1,3,4
2025-09-27,2025-09-27,Culm Valley Hornets M1,1,1,0,0,2,1,1,3,5
2025-09-27,2025-09-27,Yeovil & Sherborne M1,1,1,0,0,2,1,1,3,6
2025-09-27,2025-09-27,Chard M1,1,0,0,1,3,4,-1,0,7
2025-09-27,2025-09-27,Clifton Robinsons M5,1,0,0,1,1,2,-1,0,8
2025-09-27,2025-09-27,Isca M4,1,0,0,1,1,2,-1,0,9
2025-09-27,2025-09-27,Mid Somerset M1,1,0,0,1,1,4,-3,0,10
2025-09-27,2025-09-27,Team Bath Buccaneers M5,1,0,0,1,0,3,-3,0,11
2025-09-27,2025-09-27,Tiverton White Eagles M1,1,0,0,1,1,5,-4,0,12
2025-10-04,2025-10-04,Bridgwater M1,2,2,0,0,10,3,7,6,1
2025-10-04,2025-10-04,Bristol Firebrands M2,2,2,0,0,9,4,5,6,2
2025-10-04,2025-10-04,Sidmouth & Ottery M1,2,2,0,0,6,2,4,6,3
2025-10-04,2025-10-04,Culm Valley Hornets M1,2,1,1,0,4,3,1,4,4
2025-10-04,2025-10-04,Team Bath Buccaneers M5,2,1,0,1,5,3,2,3,5
2025-10-04,2025-10-04,Taunton Vale M2,2,1,0,1,7,7,0,3,6
2025-10-04,2025-10-04,Yeovil & Sherborne M1,2,1,0,1,4,4,0,3,7
2025-10-04,2025-10-04,Clifton Robinsons M5,2,0,1,1,2,3,-1,1,8
2025-10-04,2025-10-04,Isca M4,2,0,1,1,2,3,-1,1,9
2025-10-04,2025-10-04,Mid Somerset M1,2,0,1,1,3,6,-3,1,10
2025-10-04,2025-10-04,Chard M1,2,0,0,2,5,10,-5,0,11
2025-10-04,2025-10-04,Tiverton White Eagles M1,2,0,0,2,1,10,-9,0,12
2025-10-11,2025-10-11,Bridgwater M1,3,3,0,0,13,3,10,9,1
2025-10-11,2025-10-11,Sidmouth & Ottery M1,3,3,0,0,8,3,5,9,2
2025-10-11,2025-10-11,Culm Valley Hornets M1,3,2,1,0,7,3,4,7,3
2025-10-11,2025-10-11,Taunton Vale M2,3,2,0,1,17,7,10,6,4
2025-10-11,2025-10-11,Bristol Firebrands M2,3,2,0,1,9,7,2,6,5
2025-10-11,2025-10-11,Yeovil & Sherborne M1,3,1,1,1,6,6,0,4,6
2025-10-11,2025-10-11,Team Bath Buccaneers M5,3,1,0,2,5,13,-8,3,7
2025-10-11,2025-10-11,Clifton Robinsons M5,3,0,2,1,4,5,-1,2,8
2025-10-11,2025-10-11,Isca M4,3,0,2,1,4,5,-1,2,9
2025-10-11,2025-10-11,Mid Somerset M1,3,0,2,1,5,8,-3,2,10
2025-10-11,2025-10-11,Chard M1,3,0,0,3,5,13,-8,0,11
2025-10-11,2025-10-11,Tiverton White Eagles M1,3,0,0,3,2,12,-10,0,12
2025-10-18,2025-10-18,Bridgwater M1,4,3,1,0,14,4,10,10,1
2025-10-18,2025-10-18,Taunton Vale M2,4,3,0,1,25,9,16,9,2
2025-10-18,2025-10-18,Bristol Firebrands M2,4,3,0,1,16,7,9,9,3
2025-10-18,2025-10-18,Sidmouth & Ottery M1,4,3,0,1,10,11,-1,9,4
2025-10-18,2025-10-18,Yeovil & Sherborne M1,4,2,1,1,9,8,1,7,5
2025-10-18,2025-10-18,Culm Valley Hornets M1,4,2,1,1,7,10,-3,7,6
2025-10-18,2025-10-18,Clifton Robinsons M5,4,1,2,1,6,6,0,5,7
2025-10-18,2025-10-18,Team Bath Buccaneers M5,4,1,1,2,6,14,-8,4,8
2025-10-18,2025-10-18,Chard M1,4,1,0,3,7,14,-7,3,9
2025-10-18,2025-10-18,Isca M4,4,0,2,2,5,7,-2,2,10
2025-10-18,2025-10-18,Mid Somerset M1,4,0,2,2,6,10,-4,2,11
2025-10-18,2025-10-18,Tiverton White Eagles M1,4,0,0,4,4,15,-11,0,12
2025-10-25,2025-10-25,Bridgwater M1,5,4,1,0,16,5,11,13,1
2025-10-25,2025-10-25,Taunton Vale M2,5,4,0,1,34,10,24,12,2
2025-10-25,2025-10-25,Bristol Firebrands M2,5,4,0,1,26,7,19,12,3
2025-10-25,2025-10-25,Culm Valley Hornets M1,5,3,1,1,17,11,6,10,4
2025-10-25,2025-10-25,Sidmouth & Ottery M1,5,3,0,2,10,21,-11,9,5
2025-10-25,2025-10-25,Yeovil & Sherborne M1,5,2,1,2,11,11,0,7,6
2025-10-25,2025-10-25,Team Bath Buccaneers M5,5,2,1,2,9,16,-7,7,7
2025-10-25,2025-10-25,Clifton Robinsons M5,5,1,2,2,7,8,-1,5,8
2025-10-25,2025-10-25,Chard M1,5,1,0,4,11,19,-8,3,9
2025-10-25,2025-10-25,Tiverton White Eagles M1,5,1,0,4,9,19,-10,3,10
2025-10-25,2025-10-25,Isca M4,5,0,2,3,6,17,-11,2,11
2025-10-25,2025-10-25,Mid Somerset M1,5,0,2,3,7,19,-12,2,12
2025-11-08,2025-11-08,Bridgwater M1,6,5,1,0,20,8,12,16,1
2025-11-08,2025-11-08,Taunton Vale M2,6,5,0,1,44,11,33,15,2
2025-11-08,2025-11-08,Culm Valley Hornets M1,6,4,1,1,21,11,10,13,3
2025-11-08,2025-11-08,Bristol Firebrands M2,6,4,0,2,27,10,17,12,4
2025-11-08,2025-11-08,Yeovil & Sherborne M1,6,3,1,2,21,14,7,10,5
2025-11-08,2025-11-08,Sidmouth & Ottery M1,6,3,0,3,13,25,-12,9,6
2025-11-08,2025-11-08,Team Bath Buccaneers M5,6,2,1,3,9,20,-11,7,7
2025-11-08,2025-11-08,Chard M1,6,2,0,4,12,19,-7,6,8
2025-11-08,2025-11-08,Clifton Robinsons M5,6,1,2,3,7,9,-2,5,9
2025-11-08,2025-11-08,Isca M4,6,1,2,3,9,18,-9,5,10
2025-11-08,2025-11-08,Tiverton White Eagles M1,6,1,0,5,10,29,-19,3,11
2025-11-08,2025-11-08,Mid Somerset M1,6,0,2,4,10,29,-19,2,12
2025-11-15,2025-11-15,Taunton Vale M2,7,6,0,1,51,15,36,18,1
2025-11-15,2025-11-15,Bridgwater M1,7,5,2,0,22,10,12,17,2
2025-11-15,2025-11-15,Bristol Firebrands M2,7,5,0,2,30,10,20,15,3
2025-11-15,2025-11-15,Culm Valley Hornets M1,7,4,1,2,21,14,7,13,4
2025-11-15,2025-11-15,Sidmouth & Ottery M1,7,4,0,3,16,25,-9,12,5
2025-11-15,2025-11-15,Yeovil & Sherborne M1,7,3,1,3,25,21,4,10,6
2025-11-15,2025-11-15,Team Bath Buccaneers M5,7,3,1,3,10,20,-10,10,7
2025-11-15,2025-11-15,Chard M1,7,3,0,4,14,20,-6,9,8
2025-11-15,2025-11-15,Clifton Robinsons M5,7,1,2,4,7,12,-5,5,9
2025-11-15,2025-11-15,Isca M4,7,1,2,4,9,19,-10,5,10
2025-11-15,2025-11-15,Tiverton White Eagles M1,7,1,1,5,12,31,-19,4,11
2025-11-15,2025-11-15,Mid Somerset M1,7,0,2,5,11,31,-20,2,12
2025-11-22,2025-11-22,Bridgwater M1,8,6,2,0,24,11,13,20,1
2025-11-22,2025-11-22,Taunton Vale M2,8,6,0,2,52,17,35,18,2
2025-11-22,2025-11-22,Bristol Firebrands M2,8,6,0,2,32,10,22,18,3
2025-11-22,2025-11-22,Culm Valley Hornets M1,8,5,1,2,24,15,9,16,4
2025-11-22,2025-11-22,Sidmouth & Ottery M1,8,5,0,3,20,28,-8,15,5
2025-11-22,2025-11-22,Yeovil & Sherborne M1,8,4,1,3,27,21,6,13,6
2025-11-22,2025-11-22,Team Bath Buccaneers M5,8,3,2,3,10,20,-10,11,7
2025-11-22,2025-11-22,Chard M1,8,3,0,5,14,22,-8,9,8
2025-11-22,2025-11-22,Clifton Robinsons M5,8,1,3,4,7,12,-5,6,9
2025-11-22,2025-11-22,Isca M4,8,1,2,5,12,23,-11,5,10
2025-11-22,2025-11-22,Tiverton White Eagles M1,8,1,1,6,13,34,-21,4,11
2025-11-22,2025-11-22,Mid Somerset M1,8,0,2,6,11,33,-22,2,12
2025-11-29,2025-11-29,Bristol Firebrands M2,9,7,0,2,39,11,28,21,1
2025-11-29,2025-11-29,Bridgwater M1,9,6,3,0,25,12,13,21,2
2025-11-29,2025-11-29,Taunton Vale M2,9,6,1,2,54,19,35,19,3
2025-11-29,2025-11-29,Culm Valley Hornets M1,9,5,2,2,26,17,9,17,4
2025-11-29,2025-11-29,Sidmouth & Ottery M1,9,5,0,4,21,30,-9,15,5
2025-11-29,2025-11-29,Yeovil & Sherborne M1,9,4,2,3,28,22,6,14,6
2025-11-29,2025-11-29,Team Bath Buccaneers M5,9,4,2,3,12,21,-9,14,7
2025-11-29,2025-11-29,Clifton Robinsons M5,9,2,3,4,9,13,-4,9,8
2025-11-29,2025-11-29,Chard M1,9,3,0,6,15,29,-14,9,9
2025-11-29,2025-11-29,Isca M4,9,2,2,5,14,23,-9,8,10
2025-11-29,2025-11-29,Tiverton White Eagles M1,9,1,1,7,13,36,-23,4,11
2025-11-29,2025-11-29,Mid Somerset M1,9,0,2,7,12,35,-23,2,12
2025-12-06,2025-12-06,Bridgwater M1,10,7,3,0,29,14,15,24,1
2025-12-06,2025-12-06,Taunton Vale M2,10,7,1,2,60,20,40,22,2
2025-12-06,2025-12-06,Bristol Firebrands M2,10,7,1,2,40,12,28,22,3
2025-12-06,2025-12-06,Sidmouth & Ottery M1,10,6,0,4,23,31,-8,18,4
2025-12-06,2025-12-06,Yeovil & Sherborne M1,10,5,2,3,31,23,8,17,5
2025-12-06,2025-12-06,Culm Valley Hornets M1,10,5,2,3,27,20,7,17,6
2025-12-06,2025-12-06,Team Bath Buccaneers M5,10,4,3,3,13,22,-9,15,7
2025-12-06,2025-12-06,Clifton Robinsons M5,10,2,3,5,10,19,-9,9,8
2025-12-06,2025-12-06,Chard M1,10,3,0,7,16,31,-15,9,9
2025-12-06,2025-12-06,Isca M4,10,2,2,6,16,27,-11,8,10
2025-12-06,2025-12-06,Mid Somerset M1,10,1,2,7,15,36,-21,5,11
2025-12-06,2025-12-06,Tiverton White Eagles M1,10,1,1,8,14,39,-25,4,12
2026-01-17,2026-01-17,Bridgwater M1,11,8,3,0,31,15,16,27,1
2026-01-17,2026-01-17,Taunton Vale M2,11,8,1,2,65,20,45,25,2
2026-01-17,2026-01-17,Bristol Firebrands M2,11,8,1,2,43,13,30,25,3
2026-01-17,2026-01-17,Sidmouth & Ottery M1,11,6,0,5,26,35,-9,18,4
2026-01-17,2026-01-17,Yeovil & Sherborne M1,11,5,2,4,32,26,6,17,5
2026-01-17,2026-01-17,Culm Valley Hornets M1,11,5,2,4,28,22,6,17,6
2026-01-17,2026-01-17,Team Bath Buccaneers M5,11,4,3,4,13,24,-11,15,7
2026-01-17,2026-01-17,Clifton Robinsons M5,11,3,3,5,14,20,-6,12,8
2026-01-17,2026-01-17,Chard M1,11,4,0,7,18,31,-13,12,9
2026-01-17,2026-01-17,Isca M4,11,2,2,7,16,32,-16,8,10
2026-01-17,2026-01-17,Mid Somerset M1,11,2,2,7,19,39,-20,8,11
2026-01-17,2026-01-17,Tiverton White Eagles M1,11,1,1,9,15,43,-28,4,12
2026-01-24,2026-01-24,Bridgwater M1,12,9,3,0,37,15,22,30,1
2026-01-24,2026-01-24,Taunton Vale M2,12,9,1,2,68,20,48,28,2
2026-01-24,2026-01-24,Bristol Firebrands M2,12,9,1,2,56,13,43,28,3
2026-01-24,2026-01-24,Yeovil & Sherborne M1,12,6,2,4,35,26,9,20,4
2026-01-24,2026-01-24,Sidmouth & Ottery M1,12,6,1,5,28,37,-9,19,5
2026-01-24,2026-01-24,Culm Valley Hornets M1,12,5,2,5,29,24,5,17,6
2026-01-24,2026-01-24,Team Bath Buccaneers M5,12,4,4,4,15,26,-11,16,7
2026-01-24,2026-01-24,Clifton Robinsons M5,12,4,3,5,16,21,-5,15,8
2026-01-24,2026-01-24,Chard M1,12,4,0,8,18,34,-16,12,9
2026-01-24,2026-01-24,Isca M4,12,2,2,8,16,35,-19,8,10
2026-01-24,2026-01-24,Mid Somerset M1,12,2,2,8,19,45,-26,8,11
2026-01-24,2026-01-24,Tiverton White Eagles M1,12,1,1,10,15,56,-41,4,12
2026-01-31,2026-01-31,Bridgwater M1,13,10,3,0,40,15,25,33,1
2026-01-31,2026-01-31,Taunton Vale M2,13,10,1,2,71,21,50,31,2
2026-01-31,2026-01-31,Bristol Firebrands M2,13,9,1,3,57,16,41,28,3
2026-01-31,2026-01-31,Sidmouth & Ottery M1,13,7,1,5,31,39,-8,22,4
2026-01-31,2026-01-31,Culm Valley Hornets M1,13,6,2,5,35,25,10,20,5
2026-01-31,2026-01-31,Yeovil & Sherborne M1,13,6,2,5,37,29,8,20,6
2026-01-31,2026-01-31,Team Bath Buccaneers M5,13,4,4,5,16,29,-13,16,7
2026-01-31,2026-01-31,Clifton Robinsons M5,13,4,3,6,18,25,-7,15,8
2026-01-31,2026-01-31,Chard M1,13,4,0,9,18,37,-19,12,9
2026-01-31,2026-01-31,Isca M4,13,3,2,8,20,37,-17,11,10
2026-01-31,2026-01-31,Mid Somerset M1,13,2,2,9,20,51,-31,8,11
2026-01-31,2026-01-31,Tiverton White Eagles M1,13,2,1,10,18,57,-39,7,12
2026-02-07,2026-02-07,Taunton Vale M2,14,11,1,2,77,21,56,34,1
2026-02-07,2026-02-07,Bridgwater M1,14,10,3,1,41,25,16,33,2
2026-02-07,2026-02-07,Bristol Firebrands M2,14,10,1,3,67,17,50,31,3
2026-02-07,2026-02-07,Sidmouth & Ottery M1,14,8,1,5,35,40,-5,25,4
2026-02-07,2026-02-07,Culm Valley Hornets M1,14,6,2,6,36,28,8,20,5
2026-02-07,2026-02-07,Yeovil & Sherborne M1,14,6,2,6,37,30,7,20,6
2026-02-07,2026-02-07,Clifton Robinsons M5,14,5,3,6,19,25,-6,18,7
2026-02-07,2026-02-07,Team Bath Buccaneers M5,14,4,4,6,16,35,-19,16,8
2026-02-07,2026-02-07,Chard M1,14,5,0,9,21,38,-17,15,9
2026-02-07,2026-02-07,Isca M4,14,4,2,8,24,40,-16,14,10
2026-02-07,2026-02-07,Mid Somerset M1,14,2,2,10,23,55,-32,8,11
2026-02-07,2026-02-07,Tiverton White Eagles M1,14,2,1,11,19,61,-42,7,12
2026-02-14,2026-02-14,Taunton Vale M2,15,11,2,2,79,23,56,35,1
2026-02-14,2026-02-14,Bristol Firebrands M2,15,11,1,3,69,17,52,34,2
2026-02-14,2026-02-14,Bridgwater M1,15,10,3,2,41,26,15,33,3
2026-02-14,2026-02-14,Sidmouth & Ottery M1,15,9,1,5,36,40,-4,28,4
2026-02-14,2026-02-14,Culm Valley Hornets M1,15,6,3,6,37,29,8,21,5
2026-02-14,2026-02-14,Yeovil & Sherborne M1,15,6,3,6,38,31,7,21,6
2026-02-14,2026-02-14,Clifton Robinsons M5,15,5,4,6,21,27,-6,19,7
2026-02-14,2026-02-14,Isca M4,15,5,2,8,25,40,-15,17,8
2026-02-14,2026-02-14,Team Bath Buccaneers M5,15,4,4,7,16,37,-21,16,9
2026-02-14,2026-02-14,Chard M1,15,5,0,10,21,39,-18,15,10
2026-02-14,2026-02-14,Tiverton White Eagles M1,15,3,1,11,22,63,-41,10,11
2026-02-14,2026-02-14,Mid Somerset M1,15,2,2,11,25,58,-33,8,12
2026-02-28,2026-02-28,Taunton Vale M2,16,12,2,2,82,24,58,38,1
2026-02-28,2026-02-28,Bristol Firebrands M2,16,12,1,3,71,18,53,37,2
2026-02-28,2026-02-28,Bridgwater M1,16,11,3,2,46,26,20,36,3
2026-02-28,2026-02-28,Sidmouth & Ottery M1,16,9,1,6,37,43,-6,28,4
2026-02-28,2026-02-28,Yeovil & Sherborne M1,16,7,3,6,40,31,9,24,5
2026-02-28,2026-02-28,Clifton Robinsons M5,16,6,4,6,28,28,0,22,6
2026-02-28,2026-02-28,Culm Valley Hornets M1,16,6,3,7,38,31,7,21,7
2026-02-28,2026-02-28,Isca M4,16,6,2,8,29,43,-14,20,8
2026-02-28,2026-02-28,Team Bath Buccaneers M5,16,4,4,8,16,42,-26,16,9
2026-02-28,2026-02-28,Chard M1,16,5,0,11,24,43,-19,15,10
2026-02-28,2026-02-28,Tiverton White Eagles M1,16,3,1,12,22,65,-43,10,11
2026-02-28,2026-02-28,Mid Somerset M1,16,2,2,12,26,65,-39,8,12
2026-03-07,2026-03-07,Taunton Vale M2,17,13,2,2,86,26,60,41,1
2026-03-07,2026-03-07,Bristol Firebrands M2,17,13,1,3,75,18,57,40,2
2026-03-07,2026-03-07,Bridgwater M1,17,12,3,2,49,27,22,39,3
2026-03-07,2026-03-07,Sidmouth & Ottery M1,17,9,1,7,38,46,-8,28,4
2026-03-07,2026-03-07,Yeovil & Sherborne M1,17,8,3,6,44,32,12,27,5
2026-03-07,2026-03-07,Clifton Robinsons M5,17,6,5,6,30,30,0,23,6
2026-03-07,2026-03-07,Culm Valley Hornets M1,17,6,3,8,38,34,4,21,7
2026-03-07,2026-03-07,Isca M4,17,6,2,9,29,47,-18,20,8
2026-03-07,2026-03-07,Team Bath Buccaneers M5,17,5,4,8,19,42,-23,19,9
2026-03-07,2026-03-07,Chard M1,17,5,1,11,26,45,-19,16,10
2026-03-07,2026-03-07,Tiverton White Eagles M1,17,3,1,13,24,69,-45,10,11
2026-03-07,2026-03-07,Mid Somerset M1,17,2,2,13,27,69,-42,8,12
2026-03-14,2026-03-14,Taunton Vale M2,18,14,2,2,92,28,64,44,1
2026-03-14,2026-03-14,Bristol Firebrands M2,18,14,1,3,79,18,61,43,2
2026-03-14,2026-03-14,Bridgwater M1,18,13,3,2,58,27,31,42,3
2026-03-14,2026-03-14,Sidmouth & Ottery M1,18,9,2,7,40,48,-8,29,4
2026-03-14,2026-03-14,Yeovil & Sherborne M1,18,8,3,7,46,38,8,27,5
2026-03-14,2026-03-14,Clifton Robinsons M5,18,6,5,7,30,34,-4,23,6
2026-03-14,2026-03-14,Isca M4,18,7,2,9,32,47,-15,23,7
2026-03-14,2026-03-14,Culm Valley Hornets M1,18,6,4,8,40,36,4,22,8
2026-03-14,2026-03-14,Chard M1,18,6,1,11,30,47,-17,19,9
2026-03-14,2026-03-14,Team Bath Buccaneers M5,18,5,4,9,19,45,-26,19,10
2026-03-14,2026-03-14,Tiverton White Eagles M1,18,3,1,14,24,78,-54,10,11
2026-03-14,2026-03-14,Mid Somerset M1,18,2,2,14,29,73,-44,8,12
2026-03-21,2026-03-21,Taunton Vale M2,19,15,2,2,94,28,66,47,1
2026-03-21,2026-03-21,Bristol Firebrands M2,19,15,1,3,85,18,67,46,2
2026-03-21,2026-03-21,Bridgwater M1,19,13,3,3,58,29,29,42,3
2026-03-21,2026-03-21,Sidmouth & Ottery M1,19,9,2,8,40,49,-9,29,4
2026-03-21,2026-03-21,Yeovil & Sherborne M1,19,8,3,8,47,42,5,27,5
2026-03-21,2026-03-21,Clifton Robinsons M5,19,7,5,7,33,35,-2,26,6
2026-03-21,2026-03-21,Isca M4,19,8,2,9,33,47,-14,26,7
2026-03-21,2026-03-21,Culm Valley Hornets M1,19,6,4,9,41,38,3,22,8
2026-03-21,2026-03-21,Chard M1,19,7,1,11,34,48,-14,22,9
2026-03-21,2026-03-21,Team Bath Buccaneers M5,19,5,4,10,20,48,-28,19,10
2026-03-21,2026-03-21,Tiverton White Eagles M1,19,4,1,14,26,79,-53,13,11
2026-03-21,2026-03-21,Mid Somerset M1,19,2,2,15,29,79,-50,8,12
2026-03-28,2026-03-28,Bristol Firebrands M2,20,16,1,3,89,20,69,49,1
2026-03-28,2026-03-28,Taunton Vale M2,20,15,2,3,98,33,65,47,2
2026-03-28,2026-03-28,Bridgwater M1,20,13,4,3,60,31,29,43,3
2026-03-28,2026-03-28,Clifton Robinsons M5,20,8,5,7,37,37,0,29,4
2026-03-28,2026-03-28,Sidmouth & Ottery M1,20,9,2,9,42,53,-11,29,5
2026-03-28,2026-03-28,Isca M4,20,9,2,9,34,47,-13,29,6
2026-03-28,2026-03-28,Yeovil & Sherborne M1,20,8,4,8,49,44,5,28,7
2026-03-28,2026-03-28,Culm Valley Hornets M1,20,7,4,9,46,42,4,25,8
2026-03-28,2026-03-28,Chard M1,20,7,1,12,36,52,-16,22,9
2026-03-28,2026-03-28,Team Bath Buccaneers M5,20,5,5,10,23,51,-28,20,10
2026-03-28,2026-03-28,Tiverton White Eagles M1,20,4,1,15,26,80,-54,13,11
2026-03-28,2026-03-28,Mid Somerset M1,20,2,3,15,32,82,-50,9,12
2026-04-11,2026-04-11,Bristol Firebrands M2,21,17,1,3,99,22,77,52,1
2026-04-11,2026-04-11,Taunton Vale M2,21,16,2,3,100,33,67,50,2
2026-04-11,2026-04-11,Bridgwater M1,21,14,4,3,61,31,30,46,3
2026-04-11,2026-04-11,Clifton Robinsons M5,21,9,5,7,41,40,1,32,4
2026-04-11,2026-04-11,Sidmouth & Ottery M1,21,10,2,9,51,53,-2,32,5
2026-04-11,2026-04-11,Isca M4,21,9,2,10,34,49,-15,29,6
2026-04-11,2026-04-11,Yeovil & Sherborne M1,21,8,4,9,51,54,-3,28,7
2026-04-11,2026-04-11,Culm Valley Hornets M1,21,7,4,10,46,43,3,25,8
2026-04-11,2026-04-11,Team Bath Buccaneers M5,21,6,5,10,26,52,-26,23,9
2026-04-11,2026-04-11,Chard M1,21,7,1,13,37,55,-18,22,10
2026-04-11,2026-04-11,Tiverton White Eagles M1,21,4,1,16,29,84,-55,13,11
2026-04-11,2026-04-11,Mid Somerset M1,21,2,3,16,32,91,-59,9,12
2026-04-18,2026-04-18,Bristol Firebrands M2,22,18,1,3,106,23,83,55,1
2026-04-18,2026-04-18,Taunton Vale M2,22,17,2,3,107,36,71,53,2
2026-04-18,2026-04-18,Bridgwater M1,22,14,5,3,63,33,30,47,3
2026-04-18,2026-04-18,Clifton Robinsons M5,22,9,6,7,43,42,1,33,4
2026-04-18,2026-04-18,Sidmouth & Ottery M1,22,10,2,10,52,60,-8,32,5
2026-04-18,2026-04-18,Isca M4,22,10,2,10,36,49,-13,32,6
2026-04-18,2026-04-18,Yeovil & Sherborne M1,22,8,4,10,53,57,-4,28,7
2026-04-18,2026-04-18,Team Bath Buccaneers M5,22,7,5,10,29,54,-25,26,8
2026-04-18,2026-04-18,Culm Valley Hornets M1,22,7,4,11,46,45,1,25,9
2026-04-18,2026-04-18,Chard M1,22,8,1,13,43,55,-12,25,10
2026-04-18,2026-04-18,Tiverton White Eagles M1,22,4,1,17,29,90,-61,13,11
2026-04-18,2026-04-18,Mid Somerset M1,22,2,3,17,35,98,-63,9,12
